Model,Y1_MSE,Y2_MSE,Avg_MSE,Y1_MAPE,Y2_MAPE,Avg_MAPE
Linear Regressor,2.426721336692041,1.776868650441532,2.1017949935667866,6.381930688400785,4.760635324319913,5.571283006360349
GP Regressor,0.5554753390239429,0.2617398260598322,0.40860758254188756,2.950334633417668,1.746892689014224,2.348613661215946
MLP Regressor,11.773918138950537,10.333626527398017,11.053772333174276,13.656455601033024,10.578577140700608,12.117516370866817
MultiOutput Regressor,0.313665078130844,0.4307021287094717,0.3721836034201579,1.6338005730033804,1.8450615407790785,1.7394310568912295
SGD Regressor,2.865665808567209e+24,8.54038093910149e+24,5.70302337383435e+24,7586733852367.259,10946565086536.639,9266649469451.95
