,target_1_MSE,target_1_MAPE,target_2_MSE,target_2_MAPE
Linear Regressor,79.13073083884592,42.89279567396158,67.95018353057183,33.10954816560727
GP Regressor,88.61681858503097,45.89509205694684,69.93059935121707,33.6274994018069
MLP Regressor,81.11874282704211,44.825032672447755,70.10459758711937,33.72700225755177
MultiOutput Regressor,87.9466366645806,46.6270258035867,76.02030975859675,35.392574477586045
SGD Regressor,6.158246859470961e+21,349910721290.34717,7.002262710566062e+21,307069336099.03973
