Model,Y1_MSE,Y2_MSE,Avg_MSE,Y1_MAPE,Y2_MAPE,Avg_MAPE
Linear Regressor,1.411543354826523e-06,6.258714235588527e-07,1.0187073891926878e-06,0.00020894488359660305,0.0001447284542380443,0.00017683666891732367
MLP Regressor,0.014348630663112314,0.014824814346824988,0.01458672250496865,0.015619152171588687,0.019273009332467637,0.01744608075202816
GP Regressor,1.4212034019868863e-06,6.421919952277516e-07,1.031697698607319e-06,0.00020769780357788548,0.00014678233682791913,0.0001772400702029023
MultiOutput Regressor,0.4235715342711741,0.7659520605515595,0.5947617974113668,0.1192791270235569,0.17239386854866928,0.1458364977861131
SGD Regressor,1.5434371065976817e+18,5.805809388513613e+19,2.9800765495866905e+19,244655774.95996597,1545001484.9644659,894828629.9622159
