,MSE,MAPE,RMSE
target_1,0.7316662577827754,0.03113714962261129,0.8553749223485426
target_2,1.8943196672368623,0.035722543300374256,1.3763428596235976
