,MSE,MAPE,RMSE
target_1,0.8778793379787773,0.030713089876276686,0.9369521535162707
target_2,1.786669365003556,0.034574818939528414,1.3366635197399366
