Model,Y1_MSE,Y2_MSE,Avg_MSE,Y1_MAPE,Y2_MAPE,Avg_MAPE
Linear Regressor,2.3889284878749404,2.2018597216927533,2.295394104783847,1.2516968856308726,1.2348469181383566,1.2432719018846146
MLP Regressor,2.35773626575614,2.1479793229746464,2.252857794365393,1.2657422661405304,1.2448904168425268,1.2553163414915285
GP Regressor,2.3639128209790936,2.2516512656050063,2.30778204329205,1.2134138788060547,1.2080716157730016,1.2107427472895282
MultiOutput Regressor,2.4547462355313323,2.3188884660222615,2.3868173507767967,1.2285796168202225,1.2670486509775156,1.247814133898869
SGD Regressor,2.413088019860847,2.1958476252611008,2.304467822560974,1.2654844912297876,1.2247801352333567,1.2451323132315721
