,MSE,MAPE,RMSE
target_1,9.134209742796266,0.10195391343526175,3.0222855164256512
target_2,9.884799328454747,0.08487112618242908,3.144010071303008
