,target_0_MSE,target_0_MAPE,target_1_MSE,target_1_MAPE
Linear Regressor,1.911635024446023e-06,0.04604226277150951,9.809021315125155e-07,0.02869973844185924
GP Regressor,1.9248031503946106e-06,0.04540080971672571,1.0066237497843204e-06,0.029197253795546628
MLP Regressor,0.0041859908075966915,2.5379985490052515,0.007163541035651286,2.912765399293928
MultiOutput Regressor,0.5760862229214365,39.70154272655792,1.2027283187330717,48.435260177083876
SGD Regressor,132097448803050.08,522798474.3237231,510611277156519.44,1022255541.9741381
