Model,Y1_MSE,Y2_MSE,Avg_MSE,Y1_MAPE,Y2_MAPE,Avg_MAPE
Linear Regressor,1.911635024446023e-06,9.809021315125155e-07,1.4462685779792693e-06,0.04604226277150951,0.02869973844185924,0.03737100060668437
GP Regressor,1.9248031503946106e-06,1.0066237497843204e-06,1.4657134500894654e-06,0.04540080971672571,0.029197253795546628,0.037299031756136164
MLP Regressor,0.0041859908075966915,0.007163541035651286,0.005674765921623989,2.5379985490052515,2.912765399293928,2.72538197414959
MultiOutput Regressor,0.5760862229214365,1.2027283187330717,0.8894072708272541,39.70154272655792,48.435260177083876,44.0684014518209
SGD Regressor,132097448803050.08,510611277156519.44,321354362979784.75,522798474.3237231,1022255541.9741381,772527008.1489305
