,MSE,MAPE,RMSE
target_1,9.350911020752104,0.1059907657482321,3.057925934477829
target_2,9.981536440777223,0.08717018748317922,3.1593569663425534
