,MSE,MAPE,RMSE
target_1,9.153187855202761,0.10258457838727873,3.025423582773619
target_2,9.893427647944074,0.08478724493611389,3.14538195581142
