,MSE,MAPE,RMSE
target_1,0.20288131617566751,0.014453072506561393,0.4504234853731181
target_2,1.1843649929679512,0.023981232532466663,1.0882853453795798
