,MSE,MAPE,RMSE
target_1,0.2101484320019664,0.014541248331499232,0.45841949347946187
target_2,1.186119403345502,0.023967147620529657,1.0890910904720055
