Complexity,Loss,Equation
1,10050.44,"30.397594"
3,0.29558992,"0.00036790004 / x3"
4,0.23163408,"0.35456565 / sqrt(x1)"
5,0.1791805,"(0.0003459186 / x1) + 0.35654065"
6,0.1594842,"(0.00034625875 / x1) / sqrt(x4)"
7,0.044358894,"(0.0003462587 / x1) + (1.656177e-6 / x2)"
9,0.0045690206,"((1.44709e-6 / x2) + (0.0003460494 / x1)) + 0.21934734"
10,0.004568878,"0.21934734 + abs((0.0003460494 / x1) - (1.44709e-6 / x2))"
11,0.0045611598,"0.21931243 + (((0.0004449217 / x1) + -0.0007597365) / (x4 + x2))"
