,MSE,MAPE,RMSE
target_1,8.965373941796494e+16,13288133.679639524,299422342.88370156
target_2,8.756328958998298e+17,35102097.11585694,935752582.6305957
