,MSE,MAPE,RMSE
target_1,0.7418964388206628,0.03012766593600826,0.8613341040622174
target_2,1.977582514805678,0.04032620061103229,1.4062654496238176
