,MSE,MAPE,RMSE
target_1,0.731666257782777,0.031137149622611323,0.8553749223485436
target_2,1.89431966723686,0.03572254330037422,1.376342859623597
