,MSE,MAPE,RMSE
target_1,1.8011497905726057,0.03970494582450314,1.3420692197396547
target_2,3.989315398762242,0.048200887465580836,1.997327063543235
