fold,faithfulness_r2,nn_mape,eq_mape
1,"[-4.061391069116969, -18.249999411811455]","[14.101538062095642, 38.41814398765564]","[100.0, 100.0]"
2,"[-4.020309015825195, -4.909665427884743]","[16.715364158153534, 16.57576858997345]","[100.0, 100.0]"
3,"[1.0, 1.0]","[100.0, 100.0]","[100.0, 100.0]"
4,"[-3.7081472567310136, -4.671295205306447]","[15.12174904346466, 14.817336201667786]","[100.0, 100.0]"
5,"[-3.533153620731479, -4.580921116112409]","[18.87182891368866, 18.58184188604355]","[100.0, 100.0]"
