fold,train_size,test_size,nn_mse,nn_mae,nn_rmse,nn_mape,nn_r2,eq_mse,eq_mae,eq_rmse,eq_mape,eq_r2,faithfulness_r2
1,614,154,"[20.316301, 124.59602]","[2.8049362, 9.516317]","[4.507361, 11.162259]","[14.101538062095642, 38.41814398765564]","[0.8050849211538316, -0.3446982516588475]","[629.2782, 732.4154]","[22.913898, 25.29344]","[25.085419, 27.063175]","[100.0, 100.0]","[-5.037310020296598, -6.904568075461027]","[-4.061391069116969, -18.249999411811455]"
2,614,154,"[24.66761, 37.998478]","[3.1408799, 3.6532633]","[4.96665, 6.1642904]","[16.715364158153534, 16.57576858997345]","[0.7565951993193089, 0.5656469958925457]","[602.1735, 689.6818]","[22.379221, 24.539742]","[24.539225, 26.261793]","[100.0, 100.0]","[-4.941877626871926, -6.8836147390243685]","[-4.020309015825195, -4.909665427884743]"
3,614,154,"[593.6247, 679.2831]","[22.048962, 24.12617]","[24.364414, 26.063059]","[100.0, 100.0]","[-4.523734200905887, -5.987714374134236]","[593.6247, 679.2831]","[22.048962, 24.12617]","[24.364414, 26.063059]","[100.0, 100.0]","[-4.523734200905887, -5.987714374134236]","[1.0, 1.0]"
4,615,153,"[23.86604, 36.88382]","[3.1302514, 3.6227741]","[4.8852882, 6.073205]","[15.12174904346466, 14.817336201667786]","[0.7698747061969922, 0.5900617217182851]","[647.7173, 744.1701]","[23.323988, 25.577255]","[25.45029, 27.279482]","[100.0, 100.0]","[-5.245532913605124, -7.270937671991488]","[-3.7081472567310136, -4.671295205306447]"
5,615,153,"[28.551968, 42.989536]","[3.390755, 3.9895778]","[5.3434043, 6.5566406]","[18.87182891368866, 18.58184188604355]","[0.6757019319432621, 0.47222421092249245]","[523.48193, 629.057]","[20.86719, 23.400913]","[22.879728, 25.081009]","[100.0, 100.0]","[-4.945796357727118, -6.722833970631521]","[-3.533153620731479, -4.580921116112409]"
