Complexity,Loss,Equation
1,1619.6443,"0.8707501"
2,247.28412,"sqrt(x1)"
4,39.700436,"sqrt(x1) / x0"
6,11.221337,"sqrt(x2 + x1) / x0"
