{
  "target_1": {
    "refit_equation": "-2185.67023087349*X_1**4 - 2104.87100108653*X_1**3 - 4388.69659028248*X_1**2*X_5 + 166.885531910416*X_1**2*X_7 - 1305.49821025974*X_1**2 + 106.873619420101*X_1*X_2 - 171.958519017862*X_1*X_3 - 67.3376501922139*X_1*X_4 + 1435.8529538529*X_1*X_5**2 - 1.28562374309193*X_1*X_5*X_6 - 27.4035553606958*X_1*X_5*X_7 + 162.738203694342*X_1*X_5 - 3.44202383275879*X_1*X_6*X_7 + 19.2813464777391*X_1*X_6 - 42.7769508467804*X_1*X_7**2 + 16.4079334052531*X_1*X_7 - 0.961311989552485*X_1*X_8 + 11.3554988723601*X_1 + 0.242189011376489*X_2**2 - 0.824940449829779*X_2*X_3 - 1.40155114906265*X_2*X_4 + 126.562627126352*X_2*X_5 - 44.5906924321253*X_2*X_6 - 17.4934789870965*X_2*X_7 - 2.53440519609769*X_2*X_8 - 136.430346541403*X_2 + 0.546575770184165*X_3**2 + 2.35649844199148*X_3*X_4 - 115.172479062039*X_3*X_5 + 44.6046486040015*X_3*X_6 + 17.6220861577674*X_3*X_7 + 2.53290745984052*X_3*X_8 + 104.857750607945*X_3 + 3.39192566841305*X_4**2 - 301.068100028295*X_4*X_5 + 89.2116100067563*X_4*X_6 + 35.0815827898259*X_4*X_7 + 5.06452317266696*X_4*X_8 - 26.4843114046986*X_4 + 12.055857944637*X_5**4 - 84.9964423090228*X_5**3 + 2.58302733354921*X_5**2*X_7 - 25.5759775553069*X_5**2 + 0.192951326746938*X_5*X_6*X_7 + 1.05209972181973*X_5*X_6 - 4.66089950399578*X_5*X_7**2 - 3.90946883189245*X_5*X_7 - 0.021023774509111*X_5*X_8 - 4.13238867268509*X_5 + 5.11106887499121e-5*X_6**2 + 1.82485551807411*X_6*X_7 + 0.0233145774854855*X_6*X_8 - 29.8858743704584*X_6 + 275.146216814453*X_7**4 + 205.222272748476*X_7**3 - 274.338830993259*X_7**2 - 0.349283837127585*X_7*X_8 - 1.68292774648891*X_7 - 0.00301574576548288*X_8**2 + 1.84214291474469*X_8 - 0.963054142375841",
    "equation_length": 1639,
    "equation_terms": 63,
    "model_metrics": {
      "R2": 0.9137295033209748,
      "MAE": 2.1747233867645264,
      "MSE": 8.857749938964844,
      "RMSE": 2.9761972427368164,
      "MAPE": 10.853024572134018
    },
    "refit_metrics": {
      "R2": 0.993707271882384,
      "MAE": 0.6357313888577101,
      "MSE": 0.6461005130670097,
      "RMSE": 0.8038037777138209,
      "MAPE": 3.9491890165021757
    }
  },
  "target_2": {
    "refit_equation": "-3111.14555882971*X_1**4 - 2995.62923814823*X_1**3 - 6248.92272861461*X_1**2*X_5 + 128.347846984937*X_1**2*X_7 - 1857.58051745202*X_1**2 + 31.1184980270791*X_1*X_2 - 125.44708340249*X_1*X_3 + 149.785496424734*X_1*X_4 + 2030.67391867153*X_1*X_5**2 + 1.04316521706162*X_1*X_5*X_6 - 2.38590139806898*X_1*X_5*X_7 + 229.662877024379*X_1*X_5 + 5.15982484987133*X_1*X_6*X_7 - 14.1759960267187*X_1*X_6 - 28.861900098464*X_1*X_7**2 - 255.946541675443*X_1*X_7 + 0.188522120469213*X_1*X_8 + 16.2007625654813*X_1 + 0.112951609489907*X_2**2 - 0.277035809135293*X_2*X_3 + 1.27058018405141*X_2*X_4 - 27.9917365651646*X_2*X_5 - 20.0858947799664*X_2*X_6 + 1.65047441712899*X_2*X_7 - 14.2399723293244*X_2*X_8 - 146.884866706499*X_2 + 0.110752789973982*X_3**2 - 0.779292898982896*X_3*X_4 + 43.9409056918419*X_3*X_5 + 20.076004237613*X_3*X_6 - 1.73134231554567*X_3*X_7 + 14.2394386090411*X_3*X_8 + 105.528411772498*X_3 - 0.752079106719075*X_4**2 - 10.1019952881907*X_4*X_5 + 40.1543589130053*X_4*X_6 - 3.67710726327422*X_4*X_7 + 28.4759150358143*X_4*X_8 - 159.072014121871*X_4 + 3.86661801956464*X_5**4 - 26.3149822878476*X_5**3 - 9.33603509251841*X_5**2*X_7 - 16.1269189408035*X_5**2 - 0.420319696510789*X_5*X_6*X_7 - 0.718226951414476*X_5*X_6 - 4.0394118265219*X_5*X_7**2 + 100.693668338995*X_5*X_7 - 0.118212927190804*X_5*X_8 - 4.62972458579699*X_5 + 0.21186447431355*X_6**2 - 2.10508048969979*X_6*X_7 + 0.0626532015974051*X_6*X_8 + 13.3619638151057*X_6 + 112.664644917462*X_7**4 + 86.5910615733755*X_7**3 - 99.1260584029523*X_7**2 - 0.52139190364781*X_7*X_8 + 43.1039434476916*X_7 + 0.015387286878781*X_8**2 - 0.355232384498863*X_8 - 1.28605407117559",
    "equation_length": 1634,
    "equation_terms": 62,
    "model_metrics": {
      "R2": 0.8707156762369207,
      "MAE": 2.3872299194335938,
      "MSE": 11.910508155822754,
      "RMSE": 3.451160430908203,
      "MAPE": 8.786503225564957
    },
    "refit_metrics": {
      "R2": 0.9568547729187888,
      "MAE": 1.5321394651144673,
      "MSE": 3.9748173384149856,
      "RMSE": 1.9936943944383716,
      "MAPE": 6.202728954408276
    }
  },
  "metadata": {
    "processing_method": "Refit equations only (raw equations ignored)",
    "raw_equations_ignored": true,
    "timestamp": "2025-09-14T04:14:33.948798",
    "source_json": "grad_RANGE_ENB_1S_6B_6L_shifted_comp.json"
  }
}